{
"std_dev_x" : [105.06158141668874, 105.91326096072169, 50.09069734306608, 54.5822634546309, 56.29576526217518, 51.47505623966041, 41.11693073530577, 21.746803699503523, 82.43025047985711, 75.52346094813679, 70.4042306111512, 50.06383963708035, 9.018650557976313, 9.018650557976313]
} 
{
"std_dev_y" : [50.84708299374053, 45.617803599274175, 37.600511615834755, 70.43044643879652, 67.45795475196394, 64.95174424550203, 76.84671763662857, 11.809977932850588, 31.37327545594866, 39.459486174101606, 26.256422960810163, 18.42955853580527, 7.362043594395303, 7.362043594395303]
} 
{
"std_dev_angle" : [1.7414608386775505, 2.8594690069562265, 4.057703101022827, 2.164411559731806, 1.7911445234733752, 1.7298691968179822, 1.7004744144567938, 1.9022781151130033, 4.239437518742042, 1.6489198035596724, 4.343954452716056, 4.282619511634089, 0.14472788722599594, 0.14472788722599594]
} 
